{"loss": 219.01829528808594, "_timestamp": 1705237192.2309165, "_runtime": 762.9501514434814, "_step": 12309, "_wandb": {"runtime": 762}}