{"loss": 143.88783264160156, "_timestamp": 1705239729.792599, "_runtime": 732.6913139820099, "_step": 24609, "_wandb": {"runtime": 732}}