{"loss": 5.0865607261657715, "_timestamp": 1705251232.281044, "_runtime": 3298.141613006592, "_step": 12309, "_wandb": {"runtime": 3297}}