{"loss": 1.4662331342697144, "_timestamp": 1705241744.4700258, "_runtime": 651.2269198894501, "_step": 12309, "_wandb": {"runtime": 650}}