{"loss": 370.6662292480469, "_timestamp": 1705236128.3516452, "_runtime": 624.5337612628937, "_step": 3079, "_wandb": {"runtime": 624}}