{"loss": 0.5286902189254761, "_timestamp": 1705241011.4847283, "_runtime": 589.6474053859711, "_step": 12309, "_wandb": {"runtime": 589}}