{"loss": 96.2645263671875, "_timestamp": 1705233372.752744, "_runtime": 993.5738868713379, "_step": 12309, "_wandb": {"runtime": 993}}