{"loss": 0.889275848865509, "_timestamp": 1705246019.0854385, "_runtime": 4063.775355577469, "_step": 12309, "_wandb": {"runtime": 4063}}