{"loss": 29.106502532958984, "_timestamp": 1705237944.3836842, "_runtime": 493.9163610935211, "_step": 6159, "_wandb": {"runtime": 493}}