{"loss": 37.16034698486328, "_timestamp": 1705229335.9101396, "_runtime": 1013.724597454071, "_step": 12309, "_wandb": {"runtime": 1013}}