{"loss": 16.043405532836914, "_timestamp": 1705240342.504569, "_runtime": 580.7987389564514, "_step": 12309, "_wandb": {"runtime": 580}}