{"loss": 104.43497467041016, "_timestamp": 1705238761.6584156, "_runtime": 746.3320994377136, "_step": 24609, "_wandb": {"runtime": 746}}