{"loss": 2221.315673828125, "_timestamp": 1705268008.9051147, "_runtime": 1779.0909447669983, "_step": 61529, "_wandb": {"runtime": 1778}}